id,status,source_url,bytes,note
PINN-A01,failed,https://doi.org/10.1016/j.jcp.2018.10.045,S2 OA invalid: not a valid PDF (2767 bytes),
PINN-A02,paywalled-no-oa,,,
PINN-A03,downloaded,,pre-existing,
PINN-A04,paywalled-no-oa,,,
PINN-A05,downloaded,https://arxiv.org/pdf/2012.10047,4222701 bytes (S2 arXiv id 2012.10047),
PINN-A06,downloaded,,pre-existing,
PINN-A07,downloaded,,pre-existing,
PINN-A08,downloaded,https://arxiv.org/pdf/2207.10289,14924593 bytes (S2 arXiv id 2207.10289),
PINN-A09,downloaded,https://arxiv.org/pdf/1907.04502,1118278 bytes (S2 OA),
PINN-A10,downloaded,,pre-existing,
PINN-A11,downloaded,https://arxiv.org/pdf/2306.08827,30608630 bytes,
PINN-A12,downloaded,https://arxiv.org/pdf/2210.07182,4047658 bytes,
PINN-A13,downloaded,https://arxiv.org/pdf/2302.04107,3397069 bytes (S2 arXiv id 2302.04107),
PINN-A14,downloaded,https://arxiv.org/pdf/2205.11393,620203 bytes,
PINN-A15,downloaded,,pre-existing,
PINN-A16,failed,https://doi.org/10.1016/j.cma.2024.116813,S2 OA invalid: not a valid PDF (2682 bytes),
PINN-A17,failed,https://link.springer.com/content/pdf/10.1007/s10462-025-11322-7.pdf,S2 OA invalid: not a valid PDF (3038 bytes); publisher direct invalid: not a valid PDF (3038 bytes),
PINN-A18,downloaded,https://arxiv.org/pdf/2305.01240v2,arXiv preprint (title match),
PINN-A19,downloaded,https://arxiv.org/pdf/2407.01613,3617451 bytes (S2 OA),
PINN-A20,paywalled-no-oa,,; publisher direct invalid: not a valid PDF (3038 bytes),
PINN-B01,downloaded,https://arxiv.org/pdf/2006.09661,7047671 bytes,
PINN-B02,downloaded,http://arxiv.org/pdf/1710.00211,461563 bytes (S2 OA),
PINN-B05,downloaded,https://arxiv.org/pdf/2009.04544,2293815 bytes (S2 arXiv id 2009.04544),
PINN-B06,failed,https://www.sciencedirect.com/science/article/am/pii/S0045782520302127?via%3Dihub,S2 OA invalid: HTTP Error 403: Forbidden,
PINN-B07,downloaded,https://www.osti.gov/servlets/purl/2282003,2632326 bytes (S2 OA),
PINN-B08,downloaded,https://arxiv.org/pdf/2003.05385,7990910 bytes (S2 arXiv id 2003.05385),
PINN-B09,downloaded,https://arxiv.org/pdf/2107.07871,2362947 bytes (S2 arXiv id 2107.07871),
PINN-B10,downloaded,https://arxiv.org/pdf/2306.05486,2146599 bytes (S2 arXiv id 2306.05486),
PINN-B11,downloaded,https://arxiv.org/pdf/1907.08272,2875584 bytes (S2 arXiv id 1907.08272),
PINN-B12,downloaded,https://arxiv.org/pdf/1910.03193,757987 bytes (S2 OA),
PINN-B13,downloaded,https://arxiv.org/pdf/2010.08895,2436198 bytes,
PINN-B14,downloaded,https://arxiv.org/pdf/2103.10974,2630121 bytes (S2 arXiv id 2103.10974),
PINN-B15,downloaded,https://arxiv.org/pdf/2111.03794,8382546 bytes (S2 arXiv id 2111.03794),
PINN-B16,downloaded,https://arxiv.org/pdf/2302.14376,4343701 bytes,
PINN-B17,downloaded,https://arxiv.org/pdf/2402.02366,9964050 bytes,
PINN-B18,downloaded,https://arxiv.org/pdf/2405.19101,12051738 bytes,
PINN-B19,downloaded,https://arxiv.org/pdf/2003.06097,4211674 bytes (S2 arXiv id 2003.06097),
PINN-B20,downloaded,https://arxiv.org/pdf/2502.02414,21356563 bytes,
PINN-B21,downloaded,https://arxiv.org/pdf/2403.14404,4272794 bytes,
PINN-B22,downloaded,https://arxiv.org/pdf/2503.05598,34738164 bytes,
PINN-B23,downloaded,https://arxiv.org/pdf/2608.03600,4322931 bytes,
PINN-C01,failed,https://www.ncbi.nlm.nih.gov/pmc/articles/7219083,S2 OA invalid: not a valid PDF (21302 bytes),
PINN-C02,downloaded,https://arxiv.org/pdf/2105.09506,3074213 bytes (S2 OA),
PINN-C03,paywalled-no-oa,,,
PINN-C04,downloaded,https://arxiv.org/pdf/2107.10711,12144886 bytes (S2 arXiv id 2107.10711),
PINN-C05,downloaded,https://arxiv.org/pdf/2003.06496,7935974 bytes (S2 arXiv id 2003.06496),
PINN-C06,downloaded,https://arxiv.org/pdf/2408.17364,5584857 bytes (S2 arXiv id 2408.17364),
PINN-C07,paywalled-no-oa,,,
PINN-C08,paywalled-no-oa,,,
PINN-C09,paywalled-no-oa,,,
PINN-C10,failed,https://pubs.aip.org/aip/pof/article-pdf/doi/10.1063/5.0200384/19844260/036129_1_5.0200384.pdf,S2 OA invalid: HTTP Error 403: Forbidden,
PINN-C11,failed,https://doi.org/10.1016/j.cma.2023.116042,S2 OA invalid: not a valid PDF (2738 bytes),
PINN-C12,failed,https://doi.org/10.1016/j.icheatmasstransfer.2024.108036,S2 OA invalid: not a valid PDF (2749 bytes),
PINN-C13,failed,https://doi.org/10.1016/j.applthermaleng.2026.132483,S2 OA invalid: not a valid PDF (2764 bytes),
PINN-C14,paywalled-no-oa,,,
PINN-C15,paywalled-no-oa,,,
PINN-C16,paywalled-no-oa,,,
PINN-C17,downloaded,https://arxiv.org/pdf/2208.13434,39726115 bytes (S2 OA),
PINN-C18,downloaded,https://arxiv.org/pdf/2308.05141,14293806 bytes (S2 arXiv id 2308.05141),
PINN-D01,downloaded,https://arxiv.org/pdf/1911.03737,328975 bytes (S2 OA),
PINN-D02,downloaded,https://arxiv.org/pdf/2110.02672,557000 bytes (S2 arXiv id 2110.02672),
PINN-D03,downloaded,https://arxiv.org/pdf/2507.05874,7974676 bytes,
PINN-D04,downloaded,https://arxiv.org/pdf/2506.12902,605501 bytes,
PINN-D05,paywalled-no-oa,,,
PINN-D06,failed,https://doi.org/10.1038/s41467-024-48779-z,S2 OA invalid: not a valid PDF (3038 bytes); publisher direct invalid: not a valid PDF (3038 bytes),
PINN-D07,failed,https://doi.org/10.1149/1945-7111/acf0ef,S2 OA invalid: not a valid PDF (14371 bytes),
PINN-D08,paywalled-no-oa,,,
PINN-D09,paywalled-no-oa,,,
PINN-D10,downloaded,https://arxiv.org/pdf/2111.12066,1658852 bytes (S2 OA),
PINN-D11,failed,https://doi.org/10.1016/j.apenergy.2024.125169,S2 OA invalid: not a valid PDF (2690 bytes),
PINN-D12,paywalled-no-oa,,,
PINN-D13,failed,https://www.nature.com/articles/s41598-023-43325-1.pdf,S2 OA invalid: not a valid PDF (3038 bytes); publisher direct invalid: not a valid PDF (3038 bytes),
PINN-D14,failed,https://doi.org/10.1063/5.0292276,S2 OA invalid: HTTP Error 403: Forbidden,
PINN-D15,failed,https://www.nature.com/articles/s43247-026-03844-x_reference.pdf,S2 OA invalid: not a valid PDF (3038 bytes); publisher direct invalid: not a valid PDF (3038 bytes),
PINN-D16,downloaded,https://arxiv.org/pdf/1909.00912,1027435 bytes (S2 OA),
PINN-D17,downloaded,https://arxiv.org/pdf/2311.07222,36630916 bytes (S2 arXiv id 2311.07222),
PINN-D18,failed,https://doi.org/10.1016/j.apenergy.2025.126925,S2 OA invalid: not a valid PDF (2747 bytes),
PINN-D19,failed,https://doi.org/10.1016/j.egyr.2025.109013,S2 OA invalid: not a valid PDF (2710 bytes),
PINN-E01,paywalled-no-oa,,,
PINN-E02,downloaded,https://arxiv.org/pdf/2108.12035,2216742 bytes (S2 OA),
PINN-E03,downloaded,https://journals.plos.org/plosone/article/file?id=10.1371/journal.pone.0232683&type=printable,2823586 bytes (S2 OA),
PINN-E04,failed,https://onlinelibrary.wiley.com/doi/pdfdirect/10.1029/2020WR027642,S2 OA invalid: HTTP Error 403: Forbidden,
PINN-E05,downloaded,https://arxiv.org/pdf/2112.07703,3513043 bytes (S2 arXiv id 2112.07703),
PINN-E06,failed,https://www.sciencedirect.com/science/article/pii/S1361841521001122/pdf,S2 OA invalid: HTTP Error 403: Forbidden,
PINN-E07,failed,https://www.ncbi.nlm.nih.gov/pmc/articles/PMC9437127,S2 OA invalid: not a valid PDF (21311 bytes),
PINN-E08,failed,https://doi.org/10.1016/j.media.2024.103423,S2 OA invalid: not a valid PDF (2745 bytes),
PINN-E09,paywalled-no-oa,,,
PINN-E10,paywalled-no-oa,,; publisher direct invalid: not a valid PDF (3038 bytes),
PINN-E11,failed,https://www.nature.com/articles/s41746-026-02610-9_reference.pdf,S2 OA invalid: not a valid PDF (3038 bytes); publisher direct invalid: not a valid PDF (3038 bytes),
PINN-E12,downloaded,https://arxiv.org/pdf/2403.02289,2123221 bytes (S2 OA),
PINN-E13,failed,https://doi.org/10.1016/j.jrmge.2025.08.001,S2 OA invalid: not a valid PDF (2723 bytes),
PINN-E14,failed,https://downloads.hindawi.com/journals/schm/2024/5532909.pdf,S2 OA invalid: HTTP Error 403: Forbidden,
PINN-F01,downloaded,https://arxiv.org/pdf/1907.02531,4512885 bytes (S2 OA),
PINN-F02,failed,https://www.nature.com/articles/s41524-020-00471-8.pdf,S2 OA invalid: not a valid PDF (3038 bytes); publisher direct invalid: not a valid PDF (3038 bytes),
PINN-F03,downloaded,https://arxiv.org/pdf/2008.13547,4263511 bytes (S2 OA),
PINN-F04,downloaded,https://arxiv.org/pdf/2204.12088,3744294 bytes,
PINN-F05,failed,https://doi.org/10.1016/j.apm.2026.116968,S2 OA invalid: not a valid PDF (2710 bytes),
PINN-F06,downloaded,https://arxiv.org/pdf/2608.15157,46340042 bytes,
PINN-F07,paywalled-no-oa,,,
PINN-F08,no-identifier,,,
PINN-F09,failed,https://doi.org/10.1080/17452759.2026.2724699,S2 OA invalid: HTTP Error 403: Forbidden,
PINN-F10,downloaded,https://arxiv.org/pdf/1708.07469,6306404 bytes (S2 arXiv id 1708.07469),
PINN-F11,downloaded,https://arxiv.org/pdf/1907.05317,668436 bytes (S2 OA),
PINN-F13,downloaded,https://arxiv.org/pdf/2005.08803,3774119 bytes (S2 OA),
PINN-F14,no-pdf-webpage,,,
PINN-F15,no-pdf-webpage,,,
PINN-G02,failed,https://www.osti.gov/biblio/2282016,S2 OA invalid: not a valid PDF (248951 bytes); publisher direct invalid: not a valid PDF (3038 bytes),
PINN-G03,downloaded,https://arxiv.org/pdf/2201.05624,1976124 bytes (S2 arXiv id 2201.05624),
PINN-G04,downloaded,https://arxiv.org/pdf/2003.04919v6,arXiv preprint (title match),
PINN-G05,downloaded,https://arxiv.org/pdf/2203.16797,411607 bytes (S2 arXiv id 2203.16797),
PINN-G06,no-identifier,,,
PINN-G07,downloaded,https://arxiv.org/pdf/2211.09651,529329 bytes,
PINN-G09,downloaded,https://arxiv.org/pdf/2108.08481,7849648 bytes,
PINN-G10,paywalled-no-oa,,,
PINN-G11,downloaded,https://arxiv.org/pdf/2504.03503v1,arXiv preprint (title match),
PINN-G12,failed,https://www.mdpi.com/2504-2289/6/4/140/pdf?version=1669601279,S2 OA invalid: HTTP Error 403: Forbidden,
PINN-G13,downloaded,https://arxiv.org/pdf/2510.05433v1,arXiv preprint (title match),
